ticker,name,nav,navUnit,navChange,navChange1w,navChange1m,navChange3m,navChange6m,navChange9m,navChangeYtd,navChange1y
561800,华富稀有金属,1.1067,人民币,1.50%,4.99%,--,--,--,--,--,--
159713,富国稀土ETF,1.0897,人民币,2.75%,3.50%,--,--,--,--,--,--
516150,嘉实稀土产业,1.589,人民币,1.93%,2.37%,6.77%,37.92%,--,--,--,--
516780,华泰稀土ETF,1.4797,人民币,2.06%,2.51%,7.18%,39.49%,32.26%,--,--,--
515210,国泰钢铁ETF,2.135,人民币,1.27%,4.59%,8.08%,17.01%,24.86%,32.19%,34.30%,37.69%
515220,国泰中证煤炭ETF,2.1663,人民币,2.50%,3.81%,11.77%,16.68%,30.21%,30.06%,30.05%,42.24%
515790,华泰光伏ETF,1.7672,人民币,2.95%,0.10%,5.30%,28.89%,28.85%,--,31.39%,--
516180,平安光伏产业ETF,1.4235,人民币,3.54%,0.13%,6.92%,37.22%,40.90%,--,--,--
516290,添富光伏产业ETF,1.082,人民币,4.75%,0.14%,--,--,--,--,--,--
159863,鹏华光伏产业,1.69,人民币,3.05%,0.17%,6.11%,32.73%,40.82%,--,--,--
159864,国泰光伏50ETF,1.0603,人民币,5.19%,-0.58%,5.69%,--,--,--,--,--
159876,华宝有色ETF,1.5453,人民币,1.25%,1.42%,5.59%,20.97%,--,--,--,--
159871,银华有色金属,1.4998,人民币,1.29%,1.51%,5.82%,21.38%,--,--,--,--
159881,国泰有色ETF,1.383,人民币,1.39%,1.55%,6.17%,--,--,--,--,--
159880,鹏华有色金属50ETF,1.4755,人民币,1.12%,1.69%,5.13%,19.01%,--,--,--,--
512400,南方有色金属ETF,1.5619,人民币,1.22%,1.57%,5.37%,19.20%,20.49%,39.67%,33.85%,50.76%
516650,华夏有色50ETF,1.3889,人民币,1.40%,1.77%,6.02%,--,--,--,--,--
516680,建信有色金属ETF,1.2951,人民币,1.47%,1.67%,6.33%,23.42%,26.15%,--,--,--
159767,兴银电池龙头,1.0131,人民币,0.00%,-3.90%,--,--,--,--,--,--
159840,工银锂电池50,1.0099,人民币,0.00%,-3.92%,--,--,--,--,--,--
159757,景顺电池50,1.0116,人民币,0.00%,-3.90%,-0.59%,--,--,--,--,--
159755,广发电池ETF,1.2925,人民币,0.00%,-3.10%,1.72%,--,--,--,--,--
510410,博时资源ETF,1.174,人民币,2.38%,4.92%,12.01%,26.41%,28.30%,48.99%,47.29%,62.97%
516270,华安新能源50,1.0407,人民币,2.67%,-3.06%,1.43%,--,--,--,--,--
159752,申万新能源50,1.0456,人民币,2.84%,-3.18%,1.38%,--,--,--,--,--
561910,招商电池ETF,0.9659,人民币,0.95%,-5.25%,--,--,--,--,--,--
562880,嘉实电池龙头ETF,1.0364,人民币,0.88%,-4.78%,0.60%,--,--,--,--,--
516850,华夏新能源80,1.5887,人民币,2.00%,-1.93%,2.26%,22.03%,--,--,--,--
516580,博时新能源ETF,1.0521,人民币,2.96%,-2.93%,3.54%,--,--,--,--,--
516090,易基能源ETF,1.6024,人民币,1.97%,-1.83%,2.37%,22.41%,--,--,--,--
159875,嘉实新能源ETF,1.0212,人民币,3.07%,-2.89%,--,--,--,--,--,--
516160,南方新能源ETF,1.349,人民币,2.37%,-2.30%,2.79%,26.88%,34.34%,--,--,--
510170,国联商品ETF,3.848,人民币,0.87%,1.52%,4.43%,8.43%,9.20%,14.29%,13.95%,18.70%
515700,平安新能源车,3.0684,人民币,0.22%,-1.53%,0.24%,9.36%,16.37%,25.85%,15.43%,40.12%
516390,添富电动车ETF,1.2733,人民币,0.53%,-3.69%,0.47%,--,--,--,--,--
159806,国泰新能车ETF,3.0693,人民币,0.16%,-1.43%,0.40%,9.22%,16.97%,25.13%,14.71%,38.60%
159824,博时新能汽车,1.5164,人民币,0.34%,-2.88%,1.05%,19.74%,36.07%,--,29.29%,--
515030,华夏新汽车ETF,2.3901,人民币,0.20%,-1.86%,0.40%,11.61%,21.34%,31.63%,18.32%,47.99%
516660,华安新能汽车ETF,1.4713,人民币,0.33%,-2.94%,0.86%,19.37%,34.83%,--,--,--
159861,国泰环保ETF,1.5483,人民币,1.91%,-1.78%,3.08%,22.86%,--,--,--,--
159944,广发全指材料ETF,1.4036,人民币,1.58%,1.51%,7.53%,15.84%,17.60%,31.18%,30.38%,35.33%
516480,国联新材料ETF,1.2082,人民币,0.84%,-3.43%,-0.68%,17.19%,--,--,--,--
159703,天弘新材料ETF,1.2502,人民币,0.83%,-3.38%,-0.37%,19.80%,--,--,--,--
516710,华夏新材料50ETF,0.9982,人民币,1.05%,-4.30%,--,--,--,--,--,--
516890,平安中证新材ETF,1.0378,人民币,0.87%,-3.50%,-0.02%,--,--,--,--,--
516360,华宝新材料ETF,1.37,人民币,0.77%,-3.04%,-0.26%,15.26%,--,--,--,--
159763,建信新材料50,1.023,人民币,-1.08%,2.12%,--,--,--,--,--,--
516070,易基低碳ETF,1.4473,人民币,1.76%,-2.01%,1.67%,19.75%,--,--,--,--
560560,泰康低碳经济ETF,1.0018,人民币,-0.01%,--,--,--,--,--,--,--
159885,鹏华低碳ETF,1.5172,人民币,1.67%,-1.96%,1.38%,18.63%,--,--,--,--
159790,华夏低碳经济ETF,1.0018,人民币,2.54%,-3.01%,0.18%,--,--,--,--,--
512580,广发环保ETF,1.746,人民币,1.58%,-1.40%,2.38%,16.74%,21.93%,35.15%,23.34%,41.79%
159930,添富中证能源,0.9158,人民币,3.64%,10.54%,21.18%,24.43%,36.24%,35.59%,45.94%,51.94%
159945,广发全指能源,0.8514,人民币,4.63%,9.77%,22.83%,25.75%,39.31%,40.30%,47.94%,55.44%
159813,鹏华芯片ETF,1.5466,人民币,0.74%,-3.50%,-7.20%,16.82%,20.10%,23.27%,24.17%,23.29%
159801,广发国证芯片ETF,1.6151,人民币,0.70%,-3.40%,-7.28%,15.03%,17.47%,20.06%,21.03%,19.62%
159995,华夏芯片ETF,1.6243,人民币,0.70%,-3.44%,-7.39%,14.90%,17.04%,19.87%,20.42%,19.18%
516920,添富芯片产业,0.9289,人民币,-3.64%,-6.11%,-9.29%,--,--,--,--,--
516640,富国芯片龙头ETF,0.9474,人民币,-3.50%,-6.02%,--,--,--,--,--,--
159886,富国机械ETF,1.3532,人民币,2.09%,-0.47%,2.98%,17.42%,--,--,--,--
516960,国泰机械ETF,1.2814,人民币,2.19%,-0.70%,3.14%,16.99%,--,--,--,--
516570,易基石化ETF,1.1309,人民币,2.09%,1.95%,7.45%,--,--,--,--,--
516380,华宝智能电车ETF,1.1343,人民币,-0.41%,-3.93%,-2.35%,--,--,--,--,--
159710,建信智能电车,0.9481,人民币,-0.51%,-4.92%,-5.69%,--,--,--,--,--
516590,易基电动汽车ETF,1.3707,人民币,-0.31%,-3.10%,-1.34%,12.57%,--,--,--,--
159720,泰康智能车TK,0.9929,人民币,-0.48%,-4.39%,-2.86%,--,--,--,--,--
512760,国泰芯片ETF,1.5261,人民币,-2.33%,-3.80%,-8.75%,14.14%,16.13%,17.34%,18.54%,18.39%
516220,国泰化工龙头,1.1906,人民币,1.76%,-0.52%,4.11%,11.67%,--,--,--,--
516020,华宝化工ETF,1.1339,人民币,1.85%,-0.50%,4.20%,11.91%,11.71%,--,--,--
516120,富国化工产业,1.1379,人民币,1.83%,-0.54%,4.17%,11.11%,12.12%,--,--,--
159870,鹏华化工产业,1.0911,人民币,1.89%,-0.52%,3.93%,11.26%,10.03%,--,--,--
512480,国联半导体ETF,1.2995,人民币,-2.92%,-5.15%,-12.10%,15.54%,20.37%,14.87%,18.62%,15.35%
159974,富国央企创新,1.3907,人民币,2.29%,2.89%,9.87%,14.73%,16.32%,19.58%,21.26%,26.10%
515600,广发央企创新,1.3045,人民币,2.47%,3.20%,10.13%,14.57%,15.20%,18.74%,19.94%,24.81%
515680,嘉实创新央企,1.3217,人民币,2.40%,3.11%,9.97%,14.22%,14.78%,17.61%,19.56%,23.64%
515900,博时央创ETF,1.3124,人民币,2.38%,3.16%,9.97%,14.17%,14.64%,17.37%,19.32%,23.51%
159962,华夏四川国改ETF,1.9166,人民币,0.61%,0.83%,8.16%,4.90%,9.49%,17.10%,14.32%,21.55%
516970,广发中证基建50,1.1956,人民币,3.42%,6.65%,14.03%,--,--,--,--,--
516320,华夏装备ETF,1.2253,人民币,1.86%,-0.20%,6.03%,18.18%,--,--,--,--
516800,华宝智能制造ETF,1.2305,人民币,-0.79%,-3.80%,-4.86%,16.41%,20.76%,--,--,--
512190,浙商之江凤凰,1.7784,人民币,1.56%,0.12%,5.93%,3.85%,11.06%,11.50%,12.75%,11.56%
516950,银华基建ETF,1.1696,人民币,2.74%,6.63%,14.46%,13.75%,--,--,--,--
516870,银华汽车ETF,1.0522,人民币,0.87%,-0.12%,4.88%,--,--,--,--,--
516110,国泰汽车ETF,1.2799,人民币,0.79%,0.12%,4.77%,15.10%,--,--,--,--
512260,500低波ETF,1.6034,人民币,0.89%,1.95%,5.63%,5.36%,9.75%,8.20%,11.21%,5.73%
512780,京津冀ETF,1.0038,人民币,1.59%,2.57%,8.74%,7.87%,17.32%,12.46%,15.60%,10.54%
515110,易基国企带路ETF,1.346,人民币,1.51%,2.00%,6.94%,6.81%,7.36%,12.59%,13.51%,20.38%
515990,添富国企ETF,1.3825,人民币,1.45%,1.76%,6.44%,5.92%,6.74%,11.50%,12.65%,18.45%
515150,富国带路国企,1.3344,人民币,1.51%,1.93%,6.80%,6.22%,6.61%,11.52%,12.69%,18.65%
159745,国泰建材ETF,1.0376,人民币,0.97%,2.13%,15.00%,--,--,--,--,--
515870,嘉实先进制造100ETF,1.4813,人民币,1.91%,0.25%,7.59%,7.38%,2.48%,8.05%,9.04%,14.01%
159709,工银物联50ETF,1.0017,人民币,-1.40%,-3.39%,-4.90%,--,--,--,--,--
159786,银华VRETF,0.9858,人民币,-0.18%,-1.57%,-1.48%,--,--,--,--,--
516910,富国物流ETF,1.0591,人民币,1.85%,0.56%,8.90%,--,--,--,--,--
515580,华泰中证科技,1.8326,人民币,0.14%,-0.70%,0.34%,3.03%,4.27%,10.26%,5.90%,7.68%
510160,中证南方指数,0.7689,人民币,2.63%,7.74%,16.43%,10.42%,7.23%,10.50%,15.33%,20.80%
512710,富国军工龙头,0.9639,人民币,-0.55%,-3.65%,7.86%,18.11%,13.14%,23.16%,6.63%,24.67%
159815,招商浙江100ETF,1.1749,人民币,0.74%,-1.75%,0.92%,-0.50%,1.08%,10.07%,6.29%,12.14%
512670,鹏华中证国防ETF,1.1019,人民币,-0.24%,-3.31%,9.96%,19.69%,14.22%,22.33%,6.00%,24.53%
513090,易基香港证券,1.3238,人民币,1.49%,1.74%,7.53%,1.48%,5.57%,4.46%,5.30%,2.70%
512810,华宝国防军工,1.4682,人民币,-0.11%,-1.69%,8.45%,16.00%,15.21%,18.91%,9.08%,19.54%
512560,易方达军工ETF,1.5679,人民币,-0.12%,-1.59%,7.59%,13.02%,11.04%,13.12%,5.20%,15.01%
512660,国泰军工ETF,1.3468,人民币,-0.16%,-1.97%,8.41%,13.92%,10.51%,12.67%,3.68%,11.09%
512680,广发军工基金,1.3762,人民币,-0.16%,-1.86%,8.24%,13.62%,10.39%,12.50%,3.60%,11.11%
512350,兴业中证福建50ETF,1.1426,人民币,0.34%,-3.19%,-1.59%,-1.95%,2.79%,8.42%,4.34%,11.57%
512870,杭州湾区ETF,1.8993,人民币,0.08%,-1.16%,-0.12%,-1.33%,-0.01%,4.93%,2.85%,5.37%
512330,南方500信息ETF,1.105,人民币,-0.65%,-2.50%,-5.29%,7.12%,8.77%,-0.40%,6.13%,-9.53%
159897,建信物联ETF,1.0308,人民币,-1.45%,-3.57%,-6.32%,--,--,--,--,--
516330,华泰物联网ETF,1.1499,人民币,-1.29%,-3.12%,-4.89%,3.61%,--,--,--,--
516260,华夏物联网50,0.9508,人民币,-1.60%,-3.83%,-6.60%,--,--,--,--,--
159951,嘉实中关村A股,1.0092,人民币,-0.28%,-1.53%,-1.11%,0.39%,0.02%,0.70%,2.59%,-5.28%
159997,天弘中证电子ETF,1.2939,人民币,-1.47%,-3.69%,-7.26%,3.01%,2.59%,3.25%,3.32%,2.17%
517360,华安AH科技ETF,0.9732,人民币,0.33%,-0.25%,0.98%,--,--,--,--,--
515750,富国科技50,1.5465,人民币,-0.43%,-2.21%,-2.53%,0.88%,1.62%,4.11%,2.02%,-0.05%
159803,易基浙江ETF,1.3043,人民币,0.79%,-0.16%,-0.67%,-2.66%,-4.10%,2.66%,0.08%,1.63%
515200,申万创新100ETF,2.0535,人民币,-0.52%,-1.69%,-2.63%,0.84%,2.50%,9.94%,3.90%,11.55%
159987,银华研发100ETF,1.7483,人民币,-0.61%,-1.94%,-3.33%,0.01%,1.65%,9.27%,3.04%,9.79%
515250,富国智能汽车,1.0266,人民币,-1.11%,-2.46%,-3.37%,4.21%,3.47%,--,2.09%,--
159888,华夏智能车,1.1305,人民币,-0.97%,-2.15%,-2.51%,5.26%,--,--,--,--
516520,华泰智能车ETF,1.0499,人民币,-1.07%,-2.32%,-3.10%,5.30%,5.19%,--,--,--
159721,永赢深创ETF,0.9613,人民币,-0.94%,-3.88%,-4.61%,--,--,--,--,--
159716,华宝深创100,0.9654,人民币,-1.08%,-3.91%,-4.27%,--,--,--,--,--
159939,广发信息技术ETF,1.4169,人民币,-0.74%,-2.92%,-4.91%,2.28%,2.50%,-0.80%,1.15%,-5.62%
512930,平安人工智能ETF,1.5893,人民币,-1.09%,-2.42%,-2.95%,1.84%,3.71%,1.91%,3.99%,-2.26%
515070,华夏AI智能ETF,1.2294,人民币,-1.46%,-3.20%,-4.29%,0.75%,2.03%,-1.06%,1.90%,-6.85%
159819,易基AI智能,0.961,人民币,-1.86%,-4.05%,-5.52%,0.41%,1.72%,-2.14%,1.54%,-4.05%
159702,添富中证AIETF,1.0802,人民币,-1.66%,-3.93%,-5.47%,-0.94%,--,--,--,--
515500,海富长三角LX,1.1281,人民币,0.53%,1.05%,4.10%,-2.25%,2.81%,6.97%,7.91%,11.26%
510060,工银上证指数,2.1322,人民币,0.41%,1.23%,4.24%,-1.09%,-0.90%,0.21%,1.29%,2.78%
517380,天弘创新药AH,0.8932,人民币,0.00%,-3.31%,-12.01%,--,--,--,--,--
159872,鹏华车联网,0.9447,人民币,-0.67%,-5.35%,-4.08%,--,--,--,--,--
515760,华夏浙江国资ETF,1.1176,人民币,1.05%,-1.24%,2.94%,-7.32%,-0.58%,4.84%,5.55%,--
159859,天弘生物医药ETF,0.9103,人民币,-5.01%,-5.23%,-11.10%,--,--,--,--,--
159839,添富生物药ETF,0.8778,人民币,-5.10%,-5.64%,-12.43%,-19.64%,-2.75%,--,--,--
515260,中证电子50ETF,1.0228,人民币,-1.98%,-4.31%,-8.62%,2.80%,1.59%,1.61%,1.84%,0.58%
515320,华安电子50ETF,0.9911,人民币,-2.04%,-4.34%,-8.75%,2.63%,1.72%,-0.91%,-1.80%,--
159993,鹏华证券龙头ETF,1.2426,人民币,1.47%,1.86%,12.02%,4.81%,8.47%,-2.74%,0.60%,-1.92%
159851,华宝金科ETF,1.1286,人民币,-0.03%,-1.14%,-1.03%,-1.15%,--,--,--,--
516100,华夏金融科技ETF,0.9207,人民币,-0.04%,-1.30%,-1.03%,--,--,--,--,--
159909,招商深TMT,0.7537,人民币,-1.34%,-4.59%,-5.31%,-2.28%,-0.70%,6.06%,2.67%,3.44%
515860,嘉实科技100ETF,1.4655,人民币,-0.72%,-1.67%,-3.16%,-3.02%,0.20%,2.04%,0.45%,-3.16%
516980,华富证券先锋ETF,1.1225,人民币,1.52%,2.03%,14.29%,--,--,--,--,--
517120,华泰创新药50,0.8723,人民币,-2.63%,-1.94%,-6.61%,--,--,--,--,--
512650,中证长三角ETF,1.2607,人民币,0.07%,-0.75%,-0.07%,-3.96%,-1.83%,1.66%,0.01%,2.52%
512730,鹏华银行ETF,1.1603,人民币,0.84%,0.78%,4.67%,-6.16%,-2.60%,0.36%,5.11%,12.01%
515020,华夏银行ETF,1.1804,人民币,0.81%,0.68%,4.43%,-6.14%,-2.88%,-0.12%,4.46%,11.06%
512700,南方银行基金,1.2165,人民币,0.81%,0.72%,4.29%,-7.47%,-5.18%,-3.12%,1.58%,6.96%
515280,富国银行ETF,1.195,人民币,0.80%,0.70%,4.13%,-7.92%,-5.68%,-3.24%,1.16%,6.54%
515290,天弘银行ETF,1.0221,人民币,0.96%,0.84%,4.98%,-9.29%,-6.85%,--,1.14%,--
159887,富国银行ETF,0.9371,人民币,1.07%,1.01%,6.25%,-7.96%,--,--,--,--
159732,华夏消费电子,0.9668,人民币,0.00%,-3.65%,--,--,--,--,--,--
515920,博时智能消费,0.938,人民币,-1.74%,-3.77%,-5.11%,-3.04%,-0.70%,--,-6.65%,--
515980,华富人工智能ETF,1.1171,人民币,-1.89%,-3.06%,-6.22%,-1.45%,0.43%,-2.14%,0.53%,-9.09%
515880,国泰通信ETF,1.0195,人民币,-0.54%,-2.82%,-2.59%,4.95%,-1.24%,-8.97%,-2.51%,-18.97%
512220,景顺科技150,1.7604,人民币,-0.80%,-2.24%,-3.65%,0.38%,0.34%,-0.44%,0.80%,-2.85%
515120,广发创新药ETF,0.9923,人民币,-3.37%,-3.30%,-6.45%,-15.35%,-5.16%,--,-3.39%,--
159992,银华创新药ETF,1.338,人民币,-2.45%,-2.39%,-4.72%,-11.43%,-4.12%,3.92%,-2.89%,-5.64%
159835,建信创新药业,1.0391,人民币,-3.06%,-3.13%,-6.23%,-14.56%,--,--,--,--
159858,南方创新药指,1.0242,人民币,-3.28%,-3.21%,-6.40%,-15.08%,--,--,--,--
516060,工银新药ETF,0.9143,人民币,-3.57%,-3.52%,-6.97%,-16.48%,-5.44%,--,--,--
516080,易基医药ETF,0.9355,人民币,-3.44%,-3.35%,-5.75%,-13.50%,-1.57%,--,--,--
515850,富国证券公司ETF,1.3993,人民币,1.26%,1.75%,10.98%,5.25%,9.26%,-0.66%,1.31%,-0.08%
515010,华夏中证证券ETF,1.3109,人民币,1.30%,1.81%,10.82%,4.29%,7.61%,-3.31%,-1.01%,-2.62%
515560,建信证券ETF,1.0506,人民币,1.63%,2.23%,13.28%,4.39%,8.13%,-5.70%,-2.67%,-5.47%
512570,易基中证证券ETF,1.1565,人民币,1.47%,2.07%,11.98%,3.75%,7.07%,-5.45%,-2.92%,-4.19%
512720,国泰计算机ETF,1.3839,人民币,-0.72%,-2.88%,-3.13%,-3.36%,-0.88%,-1.60%,-1.84%,-8.18%
159998,天弘计算主题ETF,1.0537,人民币,-0.99%,-3.81%,-4.42%,-5.23%,-2.51%,-3.85%,-4.13%,-12.49%
515050,华夏5G通信ETF,1.124,人民币,-1.08%,-4.26%,-7.44%,2.00%,-1.80%,-8.23%,-4.84%,-12.96%
159994,银华5G通信主题ETF,0.9259,人民币,-1.30%,-5.13%,-9.02%,2.13%,-2.54%,-10.56%,-6.24%,-16.20%
159811,博时5G50ETF,1.1246,人民币,-1.45%,-2.38%,-6.29%,2.22%,-1.02%,-4.89%,-1.70%,-7.48%
516700,华宝数据产业,1.033,人民币,-0.76%,-3.28%,-2.73%,-2.38%,--,--,--,--
516000,华夏大数据ETF,1.0066,人民币,-0.72%,-3.25%,-2.01%,0.28%,2.75%,--,--,--
515400,富国大数据ETF,0.9583,人民币,-0.79%,-3.67%,-2.21%,-1.61%,0.30%,--,--,--
159735,港股消费ETF,0.9331,人民币,0.17%,3.97%,6.08%,-7.09%,--,--,--,--
513590,鹏华香港消费,1.0229,人民币,0.00%,3.57%,--,--,--,--,--,--
159936,可选消费ETF,1.9539,人民币,0.03%,-0.99%,1.77%,-2.42%,-1.70%,-0.82%,-1.02%,3.71%
510110,海富上证周期,4.107,人民币,0.27%,0.50%,1.66%,-1.06%,-1.91%,-1.68%,-0.83%,0.58%
159852,嘉实软件ETF,1.0115,人民币,-1.07%,-4.81%,-4.48%,-5.99%,1.08%,--,--,--
159766,富国中证旅游ETF,0.9515,人民币,-0.66%,2.66%,13.78%,--,--,--,--,--
510120,海富非周ETF,4.247,人民币,-0.02%,-0.13%,-0.16%,-1.76%,-1.98%,0.68%,-1.30%,0.57%
515000,华宝科技ETF,1.706,人民币,-1.08%,-1.98%,-4.54%,-3.58%,-3.35%,-0.51%,-3.57%,-3.15%
516050,工银科技龙头,0.879,人民币,-2.10%,-3.83%,-8.95%,-7.65%,-7.27%,--,--,--
513060,博时恒生医疗,0.9256,人民币,-1.05%,-0.12%,-9.06%,-23.46%,--,--,--,--
510810,上海国企ETF,0.8825,人民币,1.26%,3.73%,10.99%,-2.14%,-3.74%,-11.25%,-5.63%,-7.43%
512290,国泰生物医药ETF,1.7592,人民币,-1.40%,-2.81%,-4.26%,-9.15%,-4.68%,-3.43%,-4.71%,-10.31%
159899,招商软件ETF,0.9082,人民币,-0.74%,-5.36%,-5.18%,--,--,--,--,--
515230,国泰软件ETF,0.9715,人民币,-0.76%,-5.14%,-5.55%,-6.29%,-0.64%,--,--,--
513700,鹏华香港医药,0.8829,人民币,0.05%,0.67%,-9.07%,--,--,--,--,--
159807,易基科技ETF,0.7625,人民币,-2.31%,-5.21%,-11.82%,-11.96%,-7.83%,6.70%,-7.80%,3.83%
516500,华夏生物ETF,1.0931,人民币,-3.10%,-2.91%,-8.77%,-12.81%,--,--,--,--
159849,招商生物ETF,0.902,人民币,-3.95%,-3.53%,-10.79%,-18.85%,-3.24%,--,--,--
516930,民生生科ETF,0.9222,人民币,-3.94%,-3.47%,--,--,--,--,--,--
159837,易基生物科技,0.8601,人民币,-4.23%,-3.77%,-11.50%,-21.39%,-7.75%,--,--,--
510200,汇安上证证券,1.2803,人民币,1.23%,1.98%,11.65%,7.36%,10.33%,-2.74%,0.02%,-4.18%
517800,方正智能50ETF,0.9802,人民币,-1.14%,-2.06%,--,--,--,--,--,--
159940,广发全指金融ETF,1.0528,人民币,1.16%,1.38%,7.50%,-7.04%,-7.25%,-11.17%,-6.44%,-5.98%
159978,建信湾区ETF,1.1905,人民币,0.09%,-1.52%,-0.70%,-8.66%,-10.61%,-6.71%,-7.25%,-2.76%
159938,广发医药ETF,1.9257,人民币,-1.17%,-2.00%,-3.99%,-9.34%,-4.90%,-0.97%,-4.52%,-6.22%
510230,金融ETF,1.0872,人民币,0.89%,1.75%,7.16%,-6.90%,-7.67%,-11.64%,-6.88%,-5.42%
510690,兴业180金融ETF,1.0651,人民币,0.85%,1.71%,6.80%,-7.52%,-8.42%,-12.43%,-7.67%,-6.59%
510660,华夏医药ETF,3.1603,人民币,-0.67%,-1.50%,-3.07%,-4.25%,-0.83%,2.28%,-0.83%,-0.18%
510650,华夏金融ETF,2.1056,人民币,0.40%,0.93%,2.90%,-1.82%,-2.16%,-2.99%,-0.48%,1.61%
159983,华夏大湾区100ETF,1.33,人民币,0.05%,-1.26%,-0.07%,-5.79%,-7.61%,-3.38%,-4.96%,1.50%
159984,南方湾创ETF,1.2652,人民币,0.07%,-1.30%,0.43%,-7.91%,-9.55%,-4.85%,-6.44%,1.07%
159976,工银湾创ETF,1.2366,人民币,0.06%,-1.33%,0.40%,-8.06%,-10.02%,-5.77%,-7.25%,-1.02%
159979,广发湾创100ETF,1.1981,人民币,0.07%,-1.34%,0.44%,-8.66%,-10.35%,-5.88%,-7.48%,-0.89%
159929,添富中证医药,2.1386,人民币,-1.24%,-2.16%,-4.39%,-9.33%,-5.40%,-1.10%,-4.62%,-6.04%
512610,嘉实医药ETF,1.9649,人民币,-1.35%,-2.31%,-4.79%,-10.31%,-6.25%,-1.78%,-5.51%,-7.28%
159933,国投金融ETF,2.4456,人民币,0.47%,0.57%,3.18%,-2.60%,-2.84%,-3.63%,-1.89%,0.18%
159898,招商器械ETF,0.8013,人民币,-3.09%,-6.40%,-13.25%,-24.62%,--,--,--,--
159883,永赢医疗器械ETF,0.8219,人民币,-3.18%,-6.61%,-14.25%,-26.71%,--,--,--,--
512640,嘉实地产ETF,2.0502,人民币,0.59%,0.69%,3.73%,-3.81%,-4.24%,-5.77%,-3.65%,-2.17%
159931,添富金融地产,1.6741,人民币,0.72%,0.86%,4.55%,-5.07%,-5.97%,-8.53%,-5.51%,-4.80%
512170,中证医疗ETF,0.7012,人民币,-4.46%,-8.41%,-19.64%,-33.61%,-18.90%,1.23%,-15.33%,-9.16%
159828,国泰中证医疗ETF,0.8706,人民币,-3.50%,-6.46%,-15.29%,-25.36%,-12.74%,--,-14.84%,--
159847,易基中证医疗,0.7771,人民币,-3.85%,-7.44%,-17.48%,--,--,--,--,--
512120,华安中证医药,2.1,人民币,-1.42%,-1.54%,-3.66%,-8.79%,-6.33%,-1.70%,-5.46%,-7.15%
159996,国泰中证家电ETF,1.2631,人民币,-0.98%,-4.55%,-0.06%,-9.44%,-6.57%,-5.76%,-7.24%,0.44%
515060,华夏房地产ETF,0.9753,人民币,1.66%,1.85%,10.38%,-1.86%,-1.49%,-7.10%,0.77%,-11.25%
512200,南方房地产ETF,0.7855,人民币,2.14%,2.55%,13.52%,-9.78%,-12.62%,-19.53%,-10.58%,-24.26%
512970,平安湾区ETF,1.3953,人民币,0.13%,-2.47%,-0.81%,-4.79%,-5.65%,-2.92%,-4.73%,2.21%
159986,弘毅消费100ETF,1.3812,人民币,-0.93%,-2.32%,-2.74%,-7.60%,-8.28%,-2.43%,-7.13%,-2.24%
515630,鹏华中证800证保,1.2313,人民币,1.11%,1.94%,9.34%,0.27%,0.06%,-8.60%,-5.73%,-4.95%
159827,银华农业50,0.9484,人民币,1.14%,0.07%,5.85%,-7.64%,-18.21%,--,-8.33%,--
159825,富国农业ETF,0.911,人民币,1.19%,-0.02%,5.57%,-10.30%,-22.38%,--,-12.35%,--
560660,新华云50ETF,0.9243,人民币,-0.48%,-5.85%,--,--,--,--,--,--
159890,招商中证云ETF,1.0225,人民币,-0.47%,-4.71%,-6.48%,-3.33%,--,--,--,--
516510,易基云计算,1.0077,人民币,-0.46%,-4.81%,-6.16%,-2.22%,--,--,--,--
516630,华夏云计算50,0.9978,人民币,-0.13%,-0.22%,--,--,--,--,--,--
512010,易基医药ETF,0.6592,人民币,-5.14%,-7.54%,-16.76%,-32.31%,-21.21%,-1.38%,-18.57%,-13.90%
159855,银华影视ETF,0.901,人民币,0.48%,1.11%,5.11%,-13.23%,-9.69%,--,--,--
517350,广发中概科技ETF,0.8749,人民币,-0.99%,0.11%,-4.77%,-14.36%,--,--,--,--
159965,中融央视50,1.3904,人民币,-0.03%,-0.39%,-0.35%,-7.68%,-8.54%,-4.62%,-6.19%,-0.83%
516610,大成医服ETF,0.8362,人民币,-2.89%,-7.85%,-16.17%,-29.85%,--,--,--,--
159873,天弘医疗设备ETF,0.9435,人民币,-2.65%,-7.32%,-14.83%,-27.14%,--,--,--,--
159891,建信医疗,0.7662,人民币,-3.26%,-9.18%,-17.82%,-30.41%,--,--,--,--
516790,华泰医疗保健ETF,0.9413,人民币,-4.18%,-7.67%,--,--,--,--,--,--
515960,嘉实医药健康100ETF,1.1936,人民币,-1.82%,-3.85%,-7.50%,-19.29%,-13.71%,-4.47%,-11.13%,-11.27%
516600,工银消服ETF,0.7826,人民币,-1.47%,-3.53%,-4.38%,-23.64%,-20.61%,--,--,--
510150,招商上证消费,0.7244,人民币,-1.99%,-3.48%,-5.43%,-23.26%,-17.01%,-0.72%,-18.00%,-3.16%
512690,鹏华中证酒ETF,1.1466,人民币,-1.47%,-1.32%,1.73%,-20.22%,-5.48%,4.88%,-12.70%,14.12%
516820,平安医疗创新ETF,0.7637,人民币,-5.00%,-6.32%,-15.44%,--,--,--,--,--
515950,富国医药ETF,1.5469,人民币,-1.86%,-3.51%,-7.10%,-12.70%,-7.06%,2.44%,-5.48%,-2.44%
159838,博时医药50ETF,0.8978,人民币,-3.22%,-6.06%,-13.44%,--,--,--,--,--
512070,易基300非银ETF,2.2325,人民币,0.52%,0.95%,4.09%,-2.68%,-4.42%,-8.61%,-6.79%,-6.02%
517200,嘉实互联网ETF,0.7742,人民币,0.44%,-0.25%,-0.74%,-20.72%,-23.93%,--,--,--
159729,添富互联ETF,0.8925,人民币,0.34%,-0.40%,-0.71%,--,--,--,--,--
159856,工银互联网ETF,0.7574,人民币,0.44%,-0.34%,-0.83%,-21.56%,-25.22%,--,--,--
517050,华泰互联网50,0.8028,人民币,0.44%,-0.25%,0.06%,-18.17%,-20.52%,--,--,--
516550,嘉实农业ETF,0.861,人民币,0.92%,-2.18%,1.68%,-16.72%,--,--,--,--
510630,华夏消费ETF,1.2291,人民币,-1.16%,-2.10%,-1.38%,-16.49%,-11.35%,-2.07%,-13.10%,-5.53%
159747,南方香港科技,0.8895,人民币,0.74%,2.74%,-2.01%,--,--,--,--,--
513330,华夏恒生互联ETF(QDII),0.6853,人民币,-0.01%,4.86%,-2.04%,-27.86%,-40.38%,--,--,--
515710,华宝食品ETF,0.7952,人民币,-1.81%,-2.38%,0.05%,-28.38%,-16.12%,--,-27.13%,--
515170,华夏食品ETF,0.7688,人民币,-1.90%,-2.47%,-0.30%,-30.48%,-18.29%,--,-30.10%,--
159805,鹏华中证传媒ETF,0.9323,人民币,0.59%,0.49%,1.97%,-14.42%,-15.26%,-20.94%,-14.89%,-27.58%
512980,广发传媒ETF,0.6989,人民币,0.77%,0.60%,2.07%,-22.49%,-26.73%,-35.81%,-27.30%,-46.20%
159843,招商食品饮料ETF,0.8184,人民币,-1.82%,-2.39%,0.57%,-26.05%,-14.50%,--,--,--
516900,华安食品饮料ETF,0.8423,人民币,-1.86%,-2.14%,-0.59%,-27.27%,--,--,--,--
516770,华泰游戏动漫,0.8477,人民币,0.45%,2.26%,0.88%,-15.22%,-17.98%,--,--,--
516010,国泰动漫游戏,0.8644,人民币,0.45%,2.07%,0.28%,-13.92%,-15.70%,--,--,--
159869,华夏游戏ETF,0.8551,人民币,0.44%,2.25%,0.65%,-14.92%,-16.88%,--,--,--
159928,添富中证消费,1.0316,人民币,-1.52%,-1.62%,0.13%,-22.56%,-20.96%,-10.92%,-20.24%,-14.81%
512600,嘉实消费ETF,0.8472,人民币,-1.82%,-1.85%,0.71%,-26.62%,-23.63%,-9.30%,-22.04%,-12.22%
515650,富国消费50ETF,1.3653,人民币,-1.26%,-1.88%,-0.69%,-17.35%,-17.05%,-7.92%,-15.29%,-5.82%
159725,工银线上消费,0.8342,人民币,-0.06%,-2.66%,-4.77%,--,--,--,--,--
516670,招商畜牧养殖ETF,0.7541,人民币,-0.72%,-3.10%,-1.27%,-24.60%,--,--,--,--
516760,平安养殖ETF,0.7533,人民币,-0.66%,-3.01%,-0.65%,-22.06%,--,--,--,--
159867,鹏华畜牧养殖,0.7113,人民币,-0.70%,-3.15%,-0.45%,-23.73%,-40.63%,--,--,--
159865,国泰养殖ETF,0.7209,人民币,-0.71%,-3.16%,-0.54%,-23.29%,-38.72%,--,--,--
513050,中概互联50ETF,1.487,人民币,2.27%,1.17%,-1.69%,-16.15%,-24.65%,-19.29%,-18.82%,-20.06%
513360,博时教育ETF,0.5109,人民币,3.25%,-4.97%,-10.24%,--,--,--,--,--
159742,博时恒指科技,0.8449,人民币,1.23%,4.39%,-1.50%,-21.35%,--,--,--,--
159740,大成恒生科技,0.8381,人民币,1.23%,4.32%,-1.42%,-21.27%,--,--,--,--
159741,嘉实港股科技,0.8295,人民币,1.25%,4.45%,-1.56%,-19.92%,--,--,--,--
513580,华安HS科技ETF(QDII),0.8382,人民币,1.23%,4.32%,-1.25%,-20.95%,--,--,--,--
513130,华泰恒生科技,0.8398,人民币,1.13%,4.54%,-1.54%,-21.60%,--,--,--,--
513010,易基港股科技,0.8362,人民币,1.24%,4.39%,-1.60%,-21.79%,--,--,--,--
513180,华夏恒指科技,0.8412,人民币,1.24%,4.45%,-1.62%,-21.78%,--,--,--,--
159822,银华新经济(QDII-ETF),0.8613,人民币,2.04%,0.94%,-1.80%,-20.55%,-30.19%,-18.56%,-22.59%,--
513080,华安法国40ETF(QDII),1.3028,人民币,0.26%,0.27%,0.25%,0.78%,9.97%,12.67%,11.45%,19.63%
159990,银华小盘价值ETF,1.3893,人民币,2.27%,2.89%,9.46%,8.36%,13.32%,14.36%,17.12%,13.58%
513500,博时标普500,2.7624,人民币,0.01%,0.19%,1.10%,3.45%,5.76%,7.79%,7.10%,7.83%
159941,广发100(QDII-ETF),3.1302,人民币,0.04%,0.42%,1.38%,5.28%,5.59%,7.25%,6.34%,6.17%
513100,国泰纳斯ETF,5.171,人民币,0.02%,0.25%,0.83%,3.09%,3.27%,4.32%,3.76%,3.71%
513300,华夏纳斯达克,1.2753,人民币,-0.20%,0.89%,3.27%,12.11%,13.31%,17.86%,15.06%,--
515510,嘉实500成长,1.6203,人民币,1.75%,1.93%,7.27%,7.52%,11.74%,13.17%,13.37%,8.29%
560500,鹏扬500ETF加,1.0336,人民币,2.64%,1.28%,--,--,--,--,--,--
159967,华夏创成长ETF,0.7667,人民币,-1.53%,-7.13%,-8.74%,1.08%,20.33%,48.01%,22.62%,51.99%
515080,招商中证红利ETF,1.5168,人民币,1.09%,2.25%,7.21%,4.52%,12.53%,12.43%,16.73%,19.02%
515180,易基中证红利ETF,1.3632,人民币,1.20%,2.47%,7.88%,4.89%,13.26%,11.41%,17.28%,17.26%
515890,博时红利ETF,1.4357,人民币,1.12%,2.30%,7.04%,3.40%,10.39%,8.48%,13.74%,12.66%
510440,500沪市ETF,2.313,人民币,0.83%,0.72%,3.41%,4.61%,6.94%,7.89%,7.99%,6.07%
510880,华泰上证指数,3.1179,人民币,0.67%,1.78%,3.67%,3.13%,5.30%,3.80%,6.44%,5.73%
513030,德国30ETF,1.247,人民币,-0.06%,0.06%,0.84%,-0.38%,7.06%,10.22%,6.39%,9.01%
159804,国寿创精选88,1.372,人民币,0.63%,-2.28%,-0.49%,12.38%,19.75%,10.27%,12.95%,2.86%
512100,南方1000ETF,1.1051,人民币,1.01%,-1.87%,4.55%,11.37%,18.21%,15.33%,16.14%,9.55%
516300,华泰中证1000,1.1968,人民币,0.89%,-1.75%,3.89%,8.80%,--,--,--,--
159846,建信1000ETF,0.9978,人民币,1.45%,-2.14%,-0.14%,--,--,--,--,--
515590,前海中证500等权ETF,1.5925,人民币,1.09%,0.82%,4.53%,5.00%,9.14%,9.14%,10.63%,7.80%
510290,380ETF,2.2471,人民币,0.63%,0.10%,3.42%,4.82%,7.26%,8.75%,8.56%,6.39%
159949,华安创业板50ETF,1.3989,人民币,-1.09%,-3.38%,-6.03%,-1.99%,6.65%,18.59%,8.73%,20.41%
159959,银华央企ETF,1.3874,人民币,1.24%,0.99%,6.16%,6.26%,6.79%,11.21%,10.03%,15.16%
512960,博时央调ETF,1.3085,人民币,1.32%,0.96%,6.25%,6.47%,6.69%,11.19%,9.88%,15.38%
512950,华夏央企ETF,1.3108,人民币,1.33%,0.98%,6.27%,6.39%,6.64%,10.88%,9.80%,15.09%
510220,中小盘ETF,6.2022,人民币,0.25%,0.23%,1.18%,1.33%,1.73%,2.43%,2.10%,2.52%
512890,华泰红利LV,1.5875,人民币,1.20%,3.09%,7.31%,2.00%,9.03%,7.06%,12.17%,10.57%
159991,招商创业大盘ETF,0.6655,人民币,-2.46%,-7.23%,-11.57%,-2.24%,18.45%,45.02%,23.38%,44.46%
159814,西部创业大盘ETF,0.6327,人民币,-2.67%,-7.79%,-13.21%,-6.42%,11.79%,36.56%,15.38%,34.76%
159932,大成500深ETF,1.965,人民币,0.61%,-0.34%,2.13%,2.30%,4.48%,4.54%,5.45%,2.10%
513800,南方顶峰ETF,1.2107,人民币,0.61%,1.65%,3.07%,3.77%,1.22%,4.17%,1.85%,10.84%
159836,天弘创300ETF,1.0878,人民币,-0.76%,-4.14%,-4.40%,2.50%,--,--,--,--
159918,中创400ETF,2.1847,人民币,0.34%,-1.25%,0.46%,2.89%,5.01%,4.98%,4.93%,2.71%
159957,华夏创业板HX,1.9939,人民币,-0.74%,-2.40%,-3.58%,-1.09%,4.49%,10.85%,5.23%,10.35%
159956,创业板F,1.8922,人民币,-0.77%,-2.49%,-3.77%,-1.56%,4.32%,10.86%,5.21%,10.50%
159908,博时创业ETF,2.8475,人民币,-0.52%,-1.67%,-2.48%,-0.88%,2.89%,7.26%,3.38%,6.73%
159964,平安创业板ETF,1.9601,人民币,-0.74%,-2.44%,-3.65%,-1.31%,4.19%,10.40%,4.81%,9.74%
512040,富国中证价值,1.7767,人民币,0.96%,1.18%,6.37%,2.65%,4.98%,7.96%,10.81%,9.20%
510130,易方中盘指数,6.2189,人民币,0.24%,0.28%,1.28%,1.02%,1.42%,2.38%,1.95%,3.12%
515100,景顺红利波动100,1.3969,人民币,0.93%,1.82%,5.56%,3.08%,8.40%,8.11%,11.89%,11.34%
513690,博时恒生股息ETF,0.9641,人民币,1.43%,1.95%,6.54%,-2.78%,--,--,--,--
512590,浦银高股息ETF,1.5356,人民币,0.65%,0.23%,6.71%,3.09%,7.27%,5.19%,8.96%,6.73%
512770,战略新兴ETF,2.308,人民币,-0.45%,-1.29%,-1.17%,-0.26%,1.32%,10.06%,3.78%,10.04%
513000,易基日经ETF,1.241,人民币,0.64%,1.85%,3.16%,-0.19%,-5.44%,-0.65%,-2.68%,10.06%
513880,华安日经225,1.195,人民币,0.62%,1.90%,3.10%,-0.13%,-5.76%,-1.06%,-3.11%,9.66%
513520,华夏日经ETF,1.2292,人民币,0.49%,1.60%,2.82%,-0.69%,-5.85%,-0.97%,-3.47%,9.78%
159866,工银日经ETF,0.9488,人民币,0.73%,2.33%,3.91%,-0.15%,--,--,--,--
159907,广发中小企业,1.9279,人民币,0.16%,-1.05%,0.82%,1.03%,0.61%,3.91%,2.67%,2.73%
510760,国泰上证ETF,1.0506,人民币,0.79%,1.01%,5.40%,0.75%,2.40%,4.55%,4.55%,4.78%
510210,富国综指ETF,0.999,人民币,0.89%,1.83%,6.74%,-0.10%,1.11%,4.11%,3.50%,6.44%
588360,国泰科创创业ETF,0.8835,人民币,-3.17%,-6.42%,-11.88%,--,--,--,--,--
588390,博时科创创业,0.9514,人民币,-2.58%,-5.20%,--,--,--,--,--,--
588000,华夏科创50ETF,1.4782,人民币,-1.19%,-5.18%,-7.10%,-1.16%,3.82%,3.38%,2.00%,--
588080,易基科创板50,1.4614,人民币,-1.20%,-5.21%,-7.12%,-1.32%,3.65%,2.60%,1.86%,--
588090,华泰科创板ETF,1.4773,人民币,-1.19%,-5.16%,-7.05%,-1.24%,3.61%,3.25%,1.78%,--
588050,工银科创50ETF,1.461,人民币,-1.20%,-5.20%,-7.06%,-1.31%,3.52%,2.64%,1.76%,--
588060,广发上证科创,0.9253,人民币,-1.76%,-8.03%,-10.99%,--,--,--,--,--
588180,国联科创50ETF,0.9203,人民币,-1.78%,-8.10%,-10.94%,--,--,--,--,--
515300,嘉实沪深300红利,1.1433,人民币,1.36%,2.69%,7.16%,-0.55%,0.61%,-0.57%,4.91%,3.96%
510990,工银ESG180,0.9844,人民币,0.00%,1.25%,4.44%,--,--,--,--,--
510270,中银国企ETF,1.36,人民币,0.49%,1.66%,5.40%,-3.01%,-2.46%,0.87%,0.99%,3.75%
515690,鹏华股息龙头ETF,1.3541,人民币,0.90%,3.88%,6.78%,1.53%,1.70%,2.19%,6.43%,12.59%
159902,华夏中小指数,4.706,人民币,-0.03%,-0.53%,0.04%,-0.32%,-0.91%,0.82%,0.00%,0.74%
159943,大成深证ETF,16.836,人民币,-0.01%,-0.15%,-0.03%,-0.14%,0.04%,0.49%,0.23%,0.61%
159903,南方深成指数,1.6597,人民币,-0.14%,-1.57%,-0.40%,-1.99%,-0.92%,3.11%,0.74%,3.95%
512520,华泰MSCIETF,1.7183,人民币,0.09%,-0.44%,1.30%,-2.08%,-0.93%,4.13%,1.37%,6.27%
159973,弘毅民企100ETF,1.8641,人民币,-0.39%,-1.74%,-1.93%,-1.31%,-1.97%,5.01%,-0.13%,6.13%
510030,华宝价值指数,0.838,人民币,1.61%,4.27%,13.29%,1.05%,1.10%,0.74%,8.19%,14.40%
515820,富国800ETF基金,1.417,人民币,0.34%,-0.14%,2.98%,0.46%,2.59%,7.80%,5.91%,10.28%
515800,添富800ETF,1.3071,人民币,0.31%,-0.18%,2.19%,-2.77%,-2.46%,1.66%,0.15%,4.05%
515810,易基中证800,1.4352,人民币,0.28%,-0.20%,1.80%,-2.45%,-2.11%,1.69%,0.00%,4.99%
515830,工银中证800ETF,5.409,人民币,0.07%,-0.06%,0.42%,-0.77%,-0.66%,0.34%,-0.01%,0.85%
515610,中银中证800ETF,1.0488,人民币,0.36%,-0.29%,2.09%,-4.24%,-4.75%,-0.16%,-1.95%,2.01%
513900,华安CESETF,1.0785,人民币,0.01%,1.99%,2.58%,-8.22%,-9.55%,-0.14%,-3.26%,0.74%
512360,MSCI国际ETF,1.7779,人民币,0.10%,-0.45%,1.30%,-0.47%,0.85%,6.09%,3.00%,8.12%
512920,MSCI新华ETF,1.8232,人民币,0.07%,-0.50%,0.81%,-2.47%,-1.78%,2.51%,0.10%,3.83%
515780,浦银MSCIETF,1.5802,人民币,0.12%,-0.42%,1.99%,-0.85%,1.56%,8.04%,4.57%,11.40%
512380,银华MSCIETF,1.5305,人民币,0.11%,-0.39%,1.66%,-1.56%,0.06%,6.23%,2.59%,8.76%
515770,上投MSCIAETF,1.3742,人民币,0.12%,-0.54%,1.54%,-2.44%,-1.06%,5.49%,1.88%,7.27%
512320,工银MSCI中国ETF,1.0906,人民币,0.12%,-0.81%,1.43%,-4.69%,-3.93%,3.15%,-0.80%,5.12%
512280,景顺MSCIETF,1.6946,人民币,0.11%,-0.45%,1.62%,-0.78%,1.38%,7.59%,4.22%,10.99%
512180,建信MSCIETF,1.6088,人民币,0.11%,-0.37%,1.55%,-0.67%,1.08%,6.82%,3.66%,9.10%
512090,MSCI易基ETF,1.7446,人民币,0.09%,-0.45%,1.30%,-1.76%,-0.72%,4.40%,1.55%,7.29%
512160,MSCIA股国际通ETF,1.696,人民币,0.09%,-0.52%,1.26%,-2.23%,-1.24%,3.58%,0.93%,5.34%
159912,深300ETF,1.9446,人民币,-0.21%,-1.43%,-0.75%,-3.09%,-2.56%,1.24%,-1.13%,2.14%
512530,建信300红利ETF,1.2216,人民币,0.70%,3.27%,7.25%,-1.28%,-2.17%,-0.54%,3.98%,7.00%
510190,华安上证ETF,4.098,人民币,0.03%,0.42%,1.01%,-1.13%,-0.71%,-0.44%,-0.25%,-0.60%
510010,交银治理指数,1.505,人民币,0.70%,1.44%,4.98%,-1.34%,-2.35%,-0.31%,1.17%,6.76%
512990,MSCIA股ETF,1.8108,人民币,0.15%,-0.46%,1.20%,-1.82%,-0.77%,3.97%,1.28%,6.13%
513990,招商港股通ETF,0.9974,人民币,0.20%,1.72%,1.85%,-10.33%,-12.78%,-3.49%,-4.67%,-0.97%
513600,南方恒指ETF,2.4859,人民币,0.02%,0.67%,0.91%,-3.45%,-3.92%,-0.31%,-1.01%,0.55%
513660,恒生通ETF,2.527,人民币,0.02%,0.64%,0.81%,-3.28%,-3.71%,-0.27%,-1.02%,0.67%
159920,恒生ETF,1.3666,人民币,0.01%,1.00%,0.33%,-7.18%,-7.93%,-2.41%,-3.35%,-1.24%
515360,方正300ETF,5.9163,人民币,0.01%,-0.08%,0.35%,-0.53%,-0.37%,0.97%,0.39%,2.19%
515930,永赢沪深300ETF,5.8333,人民币,0.01%,-0.08%,0.39%,-0.65%,-0.46%,0.90%,0.27%,2.11%
513550,华泰港股通50ETF,0.9415,人民币,-0.08%,1.69%,2.47%,-10.28%,-13.15%,--,-6.25%,--
159966,华夏创蓝筹ETF,0.6205,人民币,-2.85%,-8.36%,-14.36%,-19.13%,-5.40%,5.45%,-6.58%,-2.79%
159975,招商深100SZ,0.7299,人民币,-1.07%,-3.96%,-2.40%,-8.85%,-5.18%,10.37%,0.75%,19.17%
159961,方正深100ETF,2.2074,人民币,-0.36%,-1.33%,-0.97%,-3.64%,-3.11%,1.49%,-1.41%,3.68%
159901,易基深证指数,3.7607,人民币,-0.22%,-0.79%,-0.61%,-2.27%,-2.06%,0.54%,-1.11%,1.60%
159910,深F120,2.4574,人民币,0.50%,0.07%,1.91%,-2.44%,-3.66%,-1.53%,-1.00%,2.19%
517060,华宝沪港深500ETF,0.9385,人民币,0.06%,0.19%,0.97%,-9.28%,--,--,--,--
517010,易基HGS500ETF,0.9953,人民币,0.07%,0.50%,--,--,--,--,--,--
517170,华夏沪港深ETF,0.9483,人民币,0.09%,0.45%,1.78%,-7.88%,--,--,--,--
517100,富国AH500ETF,0.8998,人民币,0.13%,0.54%,2.63%,-7.42%,-7.99%,--,--,--
517080,添富HGS500ETF,0.8956,人民币,0.10%,0.41%,1.91%,-8.14%,-9.46%,--,--,--
517000,银华沪港深500ETF,0.8935,人民币,0.11%,0.45%,2.23%,-8.37%,-8.23%,--,--,--
510180,华安上证指数,4.0902,人民币,0.16%,0.18%,0.87%,-1.46%,-1.86%,-0.52%,-1.06%,0.58%
510090,建信责任指数,2.464,人民币,0.37%,0.85%,2.52%,-1.09%,-0.77%,-0.01%,0.88%,4.02%
515360,方正300ETF,5.9163,人民币,0.01%,-0.08%,0.35%,-0.53%,-0.37%,0.97%,0.39%,2.19%
515930,永赢沪深300ETF,5.8333,人民币,0.01%,-0.08%,0.39%,-0.65%,-0.46%,0.90%,0.27%,2.11%
517300,国寿沪港深300ETF,0.8578,人民币,-0.14%,-0.19%,1.26%,-10.04%,-11.45%,--,--,--
512750,嘉实基本50ETF,1.0841,人民币,1.16%,3.17%,7.21%,-4.55%,-7.29%,-8.10%,-3.26%,0.54%
159916,深F60ETF,5.5209,人民币,0.21%,-0.09%,0.59%,-1.37%,-1.92%,-0.86%,-0.75%,1.35%
515090,博时可持续ETF,1.3429,人民币,0.06%,-0.71%,1.61%,-3.90%,-4.91%,0.76%,-0.32%,9.39%
561900,招商沪深ESG,0.9482,人民币,-0.03%,-0.56%,1.48%,--,--,--,--,--
516830,富国300ESG,0.937,人民币,-0.03%,-0.64%,1.99%,--,--,--,--,--
159809,博时湾区ETF,1.1537,人民币,0.06%,-1.17%,0.81%,-8.82%,-10.72%,-6.22%,-6.86%,-1.25%
512390,MSCI低波ETF,1.4378,人民币,0.03%,-0.58%,1.43%,-5.80%,-3.30%,0.16%,-1.15%,1.32%
510020,博时超大指数,3.4891,人民币,-0.04%,0.73%,1.43%,-1.90%,-3.46%,-1.81%,-2.13%,-0.01%
159906,大成深证指数,1.458,人民币,-1.43%,-2.23%,-3.94%,-9.31%,-6.93%,-0.33%,-4.81%,-5.73%
159913,交银深证价值,2.338,人民币,0.60%,0.04%,2.11%,-3.42%,-5.05%,-2.88%,-2.75%,0.22%
561500,华泰漂亮50ETF,0.853,人民币,-1.44%,-1.68%,-3.02%,--,--,--,--,--
510600,申万50ETF,3.7409,人民币,0.03%,0.07%,0.49%,-2.60%,-3.06%,-1.32%,-2.03%,0.37%
510680,万家50ETF,3.0175,人民币,0.03%,0.04%,0.38%,-3.91%,-4.09%,-1.92%,-2.75%,0.20%
510100,易基上证50,1.2761,人民币,0.08%,0.16%,1.32%,-7.82%,-9.70%,-5.05%,-6.87%,0.45%
159923,大成中证指数,2.061,人民币,-0.03%,-0.16%,0.55%,-6.23%,-7.35%,-4.33%,-5.51%,-1.01%
512910,广发中证100ETF,1.3591,人民币,-0.03%,-0.14%,1.27%,-8.69%,-10.09%,-5.00%,-7.08%,0.80%
515670,中银中证100ETF,1.1965,人民币,-0.04%,-0.17%,1.21%,-10.57%,-12.95%,-7.79%,-9.92%,-2.32%
516400,富国ESG龙头,0.9362,人民币,-0.19%,0.72%,3.81%,--,--,--,--,--
516720,浦银ESGETF,0.9783,人民币,-0.17%,0.22%,-2.33%,--,--,--,--,--
513680,建信H股ETF,0.8878,人民币,0.06%,2.12%,2.74%,-11.03%,-14.31%,-8.15%,-8.09%,-4.90%
159960,平安国企ETF,0.9417,人民币,0.06%,2.22%,2.91%,-10.50%,-14.04%,-7.75%,-7.79%,-3.74%
159954,南方恒生ETF,0.8887,人民币,0.08%,2.88%,3.68%,-12.83%,-17.53%,-10.82%,-10.37%,-7.54%
510900,H股ETF,1.0139,人民币,0.00%,2.21%,0.65%,-13.04%,-17.79%,-13.64%,-13.23%,-11.61%
159823,嘉实H股50ETF,0.8914,人民币,0.00%,2.52%,0.52%,-14.73%,-20.18%,-16.06%,-15.50%,--
159905,工银深证红利,2.3074,人民币,0.03%,-0.62%,0.88%,-7.70%,-9.28%,-6.04%,-6.95%,-2.18%
159708,西部红利ETF,0.8827,人民币,0.05%,-1.60%,2.48%,--,--,--,--,--
515570,山西红利潜力ETF,1.1182,人民币,-0.14%,0.67%,2.51%,-13.33%,-16.33%,-12.57%,-15.88%,-7.72%
515910,中金质量ETF,0.7755,人民币,-0.98%,-5.20%,-7.25%,-26.50%,-20.97%,--,--,--
512150,富时A50ETF,1.6727,人民币,0.00%,-0.65%,0.03%,-6.99%,-7.23%,-3.10%,-5.39%,2.37%
512550,嘉实富时中国ETF,1.5517,人民币,0.01%,-0.53%,0.53%,-10.05%,-10.40%,-5.40%,-7.90%,0.03%
515450,南方红利50ETF,1.2321,人民币,0.69%,2.38%,6.68%,2.18%,5.73%,6.03%,10.52%,11.54%
515520,大成价值100ETF,1.306,人民币,0.03%,-0.03%,1.97%,-6.19%,-5.64%,-3.68%,-4.20%,-2.25%
513080,华安法国40ETF(QDII),1.3028,人民币,0.26%,0.27%,0.25%,0.78%,9.97%,12.67%,11.45%,19.63%
513500,博时标普500,2.7624,人民币,0.01%,0.19%,1.10%,3.45%,5.76%,7.79%,7.10%,7.83%
159941,广发100(QDII-ETF),3.1302,人民币,0.04%,0.42%,1.38%,5.28%,5.59%,7.25%,6.34%,6.17%
513100,国泰纳斯ETF,5.171,人民币,0.02%,0.25%,0.83%,3.09%,3.27%,4.32%,3.76%,3.71%
513300,华夏纳斯达克,1.2753,人民币,-0.20%,0.89%,3.27%,12.11%,13.31%,17.86%,15.06%,--
513030,德国30ETF,1.247,人民币,-0.06%,0.06%,0.84%,-0.38%,7.06%,10.22%,6.39%,9.01%
513800,南方顶峰ETF,1.2107,人民币,0.61%,1.65%,3.07%,3.77%,1.22%,4.17%,1.85%,10.84%
513690,博时恒生股息ETF,0.9641,人民币,1.43%,1.95%,6.54%,-2.78%,--,--,--,--
513090,易基香港证券,1.3238,人民币,1.49%,1.74%,7.53%,1.48%,5.57%,4.46%,5.30%,2.70%
513000,易基日经ETF,1.241,人民币,0.64%,1.85%,3.16%,-0.19%,-5.44%,-0.65%,-2.68%,10.06%
513880,华安日经225,1.195,人民币,0.62%,1.90%,3.10%,-0.13%,-5.76%,-1.06%,-3.11%,9.66%
513520,华夏日经ETF,1.2292,人民币,0.49%,1.60%,2.82%,-0.69%,-5.85%,-0.97%,-3.47%,9.78%
159866,工银日经ETF,0.9488,人民币,0.73%,2.33%,3.91%,-0.15%,--,--,--,--
159803,易基浙江ETF,1.3043,人民币,0.79%,-0.16%,-0.67%,-2.66%,-4.10%,2.66%,0.08%,1.63%
513900,华安CESETF,1.0785,人民币,0.01%,1.99%,2.58%,-8.22%,-9.55%,-0.14%,-3.26%,0.74%
513990,招商港股通ETF,0.9974,人民币,0.20%,1.72%,1.85%,-10.33%,-12.78%,-3.49%,-4.67%,-0.97%
513600,南方恒指ETF,2.4859,人民币,0.02%,0.67%,0.91%,-3.45%,-3.92%,-0.31%,-1.01%,0.55%
513660,恒生通ETF,2.527,人民币,0.02%,0.64%,0.81%,-3.28%,-3.71%,-0.27%,-1.02%,0.67%
159920,恒生ETF,1.3666,人民币,0.01%,1.00%,0.33%,-7.18%,-7.93%,-2.41%,-3.35%,-1.24%
513550,华泰港股通50ETF,0.9415,人民币,-0.08%,1.69%,2.47%,-10.28%,-13.15%,--,-6.25%,--
159735,港股消费ETF,0.9331,人民币,0.17%,3.97%,6.08%,-7.09%,--,--,--,--
513590,鹏华香港消费,1.0229,人民币,0.00%,3.57%,--,--,--,--,--,--
513060,博时恒生医疗,0.9256,人民币,-1.05%,-0.12%,-9.06%,-23.46%,--,--,--,--
513700,鹏华香港医药,0.8829,人民币,0.05%,0.67%,-9.07%,--,--,--,--,--
513680,建信H股ETF,0.8878,人民币,0.06%,2.12%,2.74%,-11.03%,-14.31%,-8.15%,-8.09%,-4.90%
159960,平安国企ETF,0.9417,人民币,0.06%,2.22%,2.91%,-10.50%,-14.04%,-7.75%,-7.79%,-3.74%
159954,南方恒生ETF,0.8887,人民币,0.08%,2.88%,3.68%,-12.83%,-17.53%,-10.82%,-10.37%,-7.54%
510900,H股ETF,1.0139,人民币,0.00%,2.21%,0.65%,-13.04%,-17.79%,-13.64%,-13.23%,-11.61%
159823,嘉实H股50ETF,0.8914,人民币,0.00%,2.52%,0.52%,-14.73%,-20.18%,-16.06%,-15.50%,--
159747,南方香港科技,0.8895,人民币,0.74%,2.74%,-2.01%,--,--,--,--,--
513330,华夏恒生互联ETF(QDII),0.6853,人民币,-0.01%,4.86%,-2.04%,-27.86%,-40.38%,--,--,--
513050,中概互联50ETF,1.487,人民币,2.27%,1.17%,-1.69%,-16.15%,-24.65%,-19.29%,-18.82%,-20.06%
513360,博时教育ETF,0.5109,人民币,3.25%,-4.97%,-10.24%,--,--,--,--,--
159742,博时恒指科技,0.8449,人民币,1.23%,4.39%,-1.50%,-21.35%,--,--,--,--
159740,大成恒生科技,0.8381,人民币,1.23%,4.32%,-1.42%,-21.27%,--,--,--,--
159741,嘉实港股科技,0.8295,人民币,1.25%,4.45%,-1.56%,-19.92%,--,--,--,--
513580,华安HS科技ETF(QDII),0.8382,人民币,1.23%,4.32%,-1.25%,-20.95%,--,--,--,--
513130,华泰恒生科技,0.8398,人民币,1.13%,4.54%,-1.54%,-21.60%,--,--,--,--
513010,易基港股科技,0.8362,人民币,1.24%,4.39%,-1.60%,-21.79%,--,--,--,--
513180,华夏恒指科技,0.8412,人民币,1.24%,4.45%,-1.62%,-21.78%,--,--,--,--
510350,工银沪深300ETF
512500,华夏500ETF

